{
    "1": 9.08846153846154,
    "2": 9.049519230769231,
    "3": 9.010576923076924,
    "4": 8.971634615384616,
    "5": 8.932692307692308,
    "6": 8.890384615384615,
    "7": 8.848076923076924,
    "8": 8.805769230769231,
    "9": 8.763461538461538,
    "10": 8.725961538461538,
    "11": 8.688461538461539,
    "12": 8.650961538461537,
    "13": 8.613461538461538,
    "14": 8.625961538461539,
    "15": 8.638461538461538,
    "16": 8.650961538461539,
    "17": 8.663461538461538,
    "18": 8.729807692307691,
    "19": 8.796153846153846,
    "20": 8.8625,
    "21": 8.928846153846154,
    "22": 8.982211538461538,
    "23": 9.035576923076924,
    "24": 9.088942307692308,
    "25": 9.142307692307693,
    "26": 9.34278846153846,
    "27": 9.54326923076923,
    "28": 9.74375,
    "29": 9.944230769230767,
    "30": 10.100480769230767,
    "31": 10.256730769230767,
    "32": 10.412980769230767,
    "33": 10.569230769230767,
    "34": 10.753846153846156,
    "35": 10.938461538461535,
    "36": 11.123076923076924,
    "37": 11.307692307692308,
    "38": 11.51201923076923,
    "39": 11.716346153846152,
    "40": 11.920673076923077,
    "41": 12.125,
    "42": 12.146634615384617,
    "43": 12.16826923076923,
    "44": 12.189903846153848,
    "45": 12.211538461538462,
    "46": 12.384615384615383,
    "47": 12.557692307692308,
    "48": 12.73076923076923,
    "49": 12.903846153846152,
    "50": 12.799519230769231,
    "51": 12.695192307692308,
    "52": 12.590865384615386,
    "53": 12.48653846153846,
    "54": 12.503365384615384,
    "55": 12.520192307692309,
    "56": 12.53701923076923,
    "57": 12.553846153846154,
    "58": 12.482692307692307,
    "59": 12.41153846153846,
    "60": 12.340384615384616,
    "61": 12.26923076923077,
    "62": 12.268269230769231,
    "63": 12.267307692307693,
    "64": 12.266346153846154,
    "65": 12.265384615384615,
    "66": 12.184134615384616,
    "67": 12.102884615384616,
    "68": 12.021634615384617,
    "69": 11.940384615384614,
    "70": 11.839423076923076,
    "71": 11.738461538461538,
    "72": 11.6375,
    "73": 11.53653846153846,
    "74": 11.392307692307693,
    "75": 11.248076923076924,
    "76": 11.103846153846153,
    "77": 10.959615384615384,
    "78": 10.858173076923077,
    "79": 10.756730769230767,
    "80": 10.655288461538465,
    "81": 10.553846153846154,
    "82": 10.436057692307692,
    "83": 10.31826923076923,
    "84": 10.200480769230769,
    "85": 10.082692307692309,
    "86": 10.065865384615384,
    "87": 10.04903846153846,
    "88": 10.032211538461535,
    "89": 10.015384615384615,
    "90": 9.961538461538462,
    "91": 9.907692307692308,
    "92": 9.853846153846153,
    "93": 9.8,
    "94": 9.738701923076924,
    "95": 9.677403846153847,
    "96": 9.616105769230767,
    "97": 9.370754716981132,
    "98": 9.238915094339625,
    "99": 9.107075471698112,
    "100": 8.975235849056604,
    "101": 8.843396226415095,
    "102": 8.870283018867925,
    "103": 8.897169811320754,
    "104": 8.924056603773586,
    "105": 8.950943396226414,
    "106": 8.92688679245283,
    "107": 8.902830188679246,
    "108": 8.87877358490566,
    "109": 8.854716981132075,
    "110": 8.827358490566038,
    "111": 8.799999999999999,
    "112": 8.772641509433962,
    "113": 8.745283018867925,
    "114": 8.799056603773586,
    "115": 8.852830188679246,
    "116": 8.906603773584905,
    "117": 8.960377358490566,
    "118": 8.95188679245283,
    "119": 8.943396226415095,
    "120": 8.934905660377359,
    "121": 8.926415094339623,
    "122": 9.169811320754716,
    "123": 9.413207547169812,
    "124": 9.656603773584903,
    "125": 9.9,
    "126": 10.076415094339623,
    "127": 10.252830188679244,
    "128": 10.429245283018869,
    "129": 10.605660377358491,
    "130": 10.768396226415096,
    "131": 10.931132075471698,
    "132": 11.093867924528302,
    "133": 11.256603773584906,
    "134": 11.370754716981132,
    "135": 11.48490566037736,
    "136": 11.599056603773583,
    "137": 11.71320754716981,
    "138": 11.735377358490569,
    "139": 11.75754716981132,
    "140": 11.779716981132076,
    "141": 11.80188679245283,
    "142": 11.906132075471698,
    "143": 12.010377358490564,
    "144": 12.114622641509436,
    "145": 12.218867924528302,
    "146": 12.20990566037736,
    "147": 12.200943396226414,
    "148": 12.19198113207547,
    "149": 12.18301886792453,
    "150": 12.14245283018868,
    "151": 12.101886792452827,
    "152": 12.06132075471698,
    "153": 12.020754716981132,
    "154": 11.937264150943395,
    "155": 11.85377358490566,
    "156": 11.770283018867923,
    "157": 11.686792452830188,
    "158": 11.535377358490566,
    "159": 11.383962264150943,
    "160": 11.23254716981132,
    "161": 11.081132075471697,
    "162": 11.0061320754717,
    "163": 10.931132075471698,
    "164": 10.8561320754717,
    "165": 10.781132075471698,
    "166": 10.751886792452831,
    "167": 10.72264150943396,
    "168": 10.693396226415096,
    "169": 10.664150943396228,
    "170": 10.54811320754717,
    "171": 10.432075471698113,
    "172": 10.316037735849056,
    "173": 10.2,
    "174": 10.025471698113208,
    "175": 9.850943396226416,
    "176": 9.676415094339625,
    "177": 9.50188679245283,
    "178": 9.508018867924529,
    "179": 9.514150943396226,
    "180": 9.520283018867923,
    "181": 9.526415094339622,
    "182": 9.457783018867923,
    "183": 9.389150943396226,
    "184": 9.320518867924529,
    "185": 9.251886792452831,
    "186": 9.195990566037736,
    "187": 9.140094339622642,
    "188": 9.084198113207549,
    "189": 9.028301886792454,
    "190": 9.160096153846151,
    "191": 9.110576923076923,
    "192": 9.061057692307692,
    "193": 9.011538461538462,
    "194": 8.923076923076923,
    "195": 8.834615384615384,
    "196": 8.746153846153847,
    "197": 8.657692307692308,
    "198": 8.648076923076923,
    "199": 8.638461538461538,
    "200": 8.628846153846153,
    "201": 8.61923076923077,
    "202": 8.59326923076923,
    "203": 8.567307692307692,
    "204": 8.541346153846153,
    "205": 8.515384615384615,
    "206": 8.46875,
    "207": 8.422115384615385,
    "208": 8.37548076923077,
    "209": 8.328846153846154,
    "210": 8.353846153846154,
    "211": 8.378846153846153,
    "212": 8.403846153846153,
    "213": 8.428846153846154,
    "214": 8.425,
    "215": 8.421153846153846,
    "216": 8.417307692307691,
    "217": 8.413461538461538,
    "218": 8.608173076923077,
    "219": 8.802884615384615,
    "220": 8.997596153846153,
    "221": 9.192307692307692,
    "222": 9.394711538461538,
    "223": 9.597115384615384,
    "224": 9.799519230769231,
    "225": 10.001923076923076,
    "226": 10.16826923076923,
    "227": 10.334615384615384,
    "228": 10.500961538461535,
    "229": 10.667307692307691,
    "230": 10.816826923076924,
    "231": 10.966346153846152,
    "232": 11.115865384615384,
    "233": 11.265384615384615,
    "234": 11.34423076923077,
    "235": 11.423076923076923,
    "236": 11.501923076923076,
    "237": 11.580769230769231,
    "238": 11.546634615384615,
    "239": 11.5125,
    "240": 11.478365384615383,
    "241": 11.444230769230767,
    "242": 11.560576923076924,
    "243": 11.676923076923078,
    "244": 11.79326923076923,
    "245": 11.909615384615384,
    "246": 11.873076923076924,
    "247": 11.836538461538462,
    "248": 11.8,
    "249": 11.76346153846154,
    "250": 11.689903846153848,
    "251": 11.616346153846154,
    "252": 11.542788461538462,
    "253": 11.46923076923077,
    "254": 11.436057692307692,
    "255": 11.402884615384616,
    "256": 11.36971153846154,
    "257": 11.336538461538462,
    "258": 11.126923076923076,
    "259": 10.917307692307691,
    "260": 10.707692307692309,
    "261": 10.498076923076924,
    "262": 10.476923076923075,
    "263": 10.455769230769231,
    "264": 10.434615384615386,
    "265": 10.413461538461538,
    "266": 10.304326923076925,
    "267": 10.195192307692308,
    "268": 10.086057692307692,
    "269": 9.976923076923075,
    "270": 9.9,
    "271": 9.823076923076924,