{
    "1": 2.3386666666666667,
    "2": 2.269333333333333,
    "3": 2.2386666666666666,
    "4": 2.2066666666666666,
    "5": 2.192,
    "6": 2.1906666666666665,
    "7": 2.1973333333333334,
    "8": 2.2066666666666666,
    "9": 2.212,
    "10": 2.216,
    "11": 2.2146666666666666,
    "12": 2.2066666666666666,
    "13": 2.196,
    "14": 2.1773333333333333,
    "15": 2.1613333333333333,
    "16": 2.144,
    "17": 2.132,
    "18": 2.144,
    "19": 2.204,
    "20": 2.3320000000000003,
    "21": 2.4226666666666667,
    "22": 2.510666666666667,
    "23": 2.572,
    "24": 2.5853333333333333,
    "25": 3.045333333333333,
    "26": 3.5,
    "27": 4.226666666666667,
    "28": 5.042666666666666,
    "29": 9.186666666666667,
    "30": 14.665333333333336,
    "31": 20.692,
    "32": 26.47733333333333,
    "33": 31.36266666666667,
    "34": 35.22,
    "35": 38.04666666666667,
    "36": 39.84133333333333,
    "37": 40.65733333333333,
    "38": 40.772,
    "39": 40.51466666666667,
    "40": 40.217333333333336,
    "41": 40.136,
    "42": 40.22266666666666,
    "43": 40.35333333333333,
    "44": 40.406666666666666,
    "45": 40.27866666666667,
    "46": 39.93333333333334,
    "47": 39.352,
    "48": 38.51733333333333,
    "49": 37.406666666666666,
    "50": 36.008,
    "51": 34.303999999999995,
    "52": 32.27466666666667,
    "53": 29.986666666666665,
    "54": 27.8,
    "55": 26.168,
    "56": 25.530666666666665,
    "57": 26.152,
    "58": 27.582666666666665,
    "59": 29.182666666666663,
    "60": 30.321333333333328,
    "61": 30.50933333333333,
    "62": 29.856,
    "63": 28.616,
    "64": 27.042666666666666,
    "65": 25.344,
    "66": 23.51866666666667,
    "67": 21.51733333333333,
    "68": 19.28933333333333,
    "69": 16.829333333333334,
    "70": 14.304000000000002,
    "71": 11.922666666666666,
    "72": 9.896,
    "73": 8.38,
    "74": 7.292000000000001,
    "75": 6.497333333333334,
    "76": 5.862666666666667,
    "77": 5.276,
    "78": 4.737333333333333,
    "79": 4.273333333333333,
    "80": 3.909333333333333,
    "81": 3.658666666666667,
    "82": 3.497333333333333,
    "83": 3.3826666666666667,
    "84": 3.277333333333333,
    "85": 3.153333333333333,
    "86": 3.016,
    "87": 2.8826666666666667,
    "88": 2.7746666666666666,
    "89": 2.708,
    "90": 2.6493333333333333,
    "91": 2.614666666666667,
    "92": 2.584,
    "93": 2.546666666666667,
    "94": 2.502666666666667,
    "95": 2.4506666666666668,
    "96": 2.3960000000000004,
    "97": 2.3386666666666667,
    "98": 2.269333333333333,
    "99": 2.2386666666666666,
    "100": 2.2066666666666666,
    "101": 2.192,
    "102": 2.1906666666666665,
    "103": 2.1973333333333334,
    "104": 2.2066666666666666,
    "105": 2.212,
    "106": 2.216,
    "107": 2.2146666666666666,
    "108": 2.2066666666666666,
    "109": 2.196,
    "110": 2.1773333333333333,
    "111": 2.1613333333333333,
    "112": 2.144,
    "113": 2.132,
    "114": 2.144,
    "115": 2.204,
    "116": 2.3320000000000003,
    "117": 2.4226666666666667,
    "118": 2.510666666666667,
    "119": 2.572,
    "120": 2.5853333333333333,
    "121": 3.045333333333333,
    "122": 3.5,
    "123": 4.226666666666667,
    "124": 5.042666666666666,
    "125": 9.186666666666667,
    "126": 14.665333333333336,
    "127": 20.692,
    "128": 26.47733333333333,
    "129": 31.36266666666667,
    "130": 35.22,
    "131": 38.04666666666667,
    "132": 39.84133333333333,
    "133": 40.65733333333333,
    "134": 40.772,
    "135": 40.51466666666667,
    "136": 40.217333333333336,
    "137": 40.136,
    "138": 40.22266666666666,
    "139": 40.35333333333333,
    "140": 40.406666666666666,
    "141": 40.27866666666667,
    "142": 39.93333333333334,
    "143": 39.352,
    "144": 38.51733333333333,
    "145": 37.406666666666666,
    "146": 36.008,
    "147": 34.303999999999995,
    "148": 32.27466666666667,
    "149": 29.986666666666665,
    "150": 27.8,
    "151": 26.168,
    "152": 25.530666666666665,
    "153": 26.152,
    "154": 27.582666666666665,
    "155": 29.182666666666663,
    "156": 30.321333333333328,
    "157": 30.50933333333333,
    "158": 29.856,
    "159": 28.616,
    "160": 27.042666666666666,
    "161": 25.344,
    "162": 23.51866666666667,
    "163": 21.51733333333333,
    "164": 19.28933333333333,
    "165": 16.829333333333334,
    "166": 14.304000000000002,
    "167": 11.922666666666666,
    "168": 9.896,
    "169": 8.38,
    "170": 7.292000000000001,
    "171": 6.497333333333334,
    "172": 5.862666666666667,
    "173": 5.276,
    "174": 4.737333333333333,
    "175": 4.273333333333333,
    "176": 3.909333333333333,
    "177": 3.658666666666667,
    "178": 3.497333333333333,
    "179": 3.3826666666666667,
    "180": 3.277333333333333,
    "181": 3.153333333333333,
    "182": 3.016,
    "183": 2.8826666666666667,
    "184": 2.7746666666666666,
    "185": 2.708,
    "186": 2.6493333333333333,
    "187": 2.614666666666667,
    "188": 2.584,
    "189": 2.546666666666667,
    "190": 2.502666666666667,
    "191": 2.4506666666666668,
    "192": 2.3960000000000004,
    "193": 2.3386666666666667,
    "194": 2.269333333333333,
    "195": 2.2386666666666666,
    "196": 2.2066666666666666,
    "197": 2.192,
    "198": 2.1906666666666665,
    "199": 2.1973333333333334,
    "200": 2.2066666666666666,
    "201": 2.212,
    "202": 2.216,
    "203": 2.2146666666666666,
    "204": 2.2066666666666666,
    "205": 2.196,
    "206": 2.1773333333333333,
    "207": 2.1613333333333333,
    "208": 2.144,
    "209": 2.132,
    "210": 2.144,
    "211": 2.204,
    "212": 2.3320000000000003,
    "213": 2.4226666666666667,
    "214": 2.510666666666667,
    "215": 2.572,
    "216": 2.5853333333333333,
    "217": 3.045333333333333,
    "218": 3.5,
    "219": 4.226666666666667,
    "220": 5.042666666666666,
    "221": 9.186666666666667,
    "222": 14.665333333333336,
    "223": 20.692,
    "224": 26.47733333333333,
    "225": 31.36266666666667,
    "226": 35.22,
    "227": 38.04666666666667,
    "228": 39.84133333333333,
    "229": 40.65733333333333,
    "230": 40.772,
    "231": 40.51466666666667,
    "232": 40.217333333333336,
    "233": 40.136,
    "234": 40.22266666666666,
    "235": 40.35333333333333,
    "236": 40.406666666666666,
    "237": 40.27866666666667,
    "238": 39.93333333333334,
    "239": 39.352,
    "240": 38.51733333333333,
    "241": 37.406666666666666,
    "242": 36.008,
    "243": 34.303999999999995,
    "244": 32.27466666666667,
    "245": 29.986666666666665,
    "246": 27.8,
    "247": 26.168,
    "248": 25.530666666666665,
    "249": 26.152,
    "250": 27.582666666666665,
    "251": 29.182666666666663,
    "252": 30.321333333333328,
    "253": 30.50933333333333,
    "254": 29.856,
    "255": 28.616,
    "256": 27.042666666666666,
    "257": 25.344,
    "258": 23.51866666666667,
    "259": 21.51733333333333,
    "260": 19.28933333333333,
    "261": 16.829333333333334,
    "262": 14.304000000000002,
    "263": 11.922666666666666,
    "264": 9.896,
    "265": 8.38,
    "266": 7.292000000000001,
    "267": 6.497333333333334,
    "268": 5.862666666666667,
    "269": 5.276,
    "270": 4.737333333333333,
    "271": 4.273333333333333,
    "272": 3.909333333333333,
    "273": 3.658666666666667,
    "274": 3.497333333333333,
    "275": 3.3826666666666667,
    "276": 3.277333333333333,
    "277": 3.153333333333333,
    "278": 3.016,
    "279": 2.8826666666666667,
    "280": 2.7746666666666666,
    "281": 2.708,
    "282": 2.6493333333333333,
    "283": 2.614666666666667,
    "284": 2.584,
    "285": 2.546666666666667,
    "286": 2.502666666666667,
    "287": 2.4506666666666668,
    "288": 2.3960000000000004,
    "289": 2.3386666666666667,
    "290": 2.269333333333333,
    "291": 2.2386666666666666,
    "292": 2.2066666666666666,
    "293": 2.192,
    "294": 2.1906666666666665,
    "295": 2.1973333333333334,
    "296": 2.2066666666666666,
    "297": 2.212,
    "298": 2.216,
    "299": 2.2146666666666666,
    "300": 2.2066666666666666,
    "301": 2.196,