{"1": 2.496782407438272, "2": 2.635502314822531, "3": 2.7742222222067903, "4": 2.509097222202932, "5": 2.243972222199074, "6": 1.978847222195216, "7": 1.713722222191358, "8": 1.5387669752854938, "9": 1.3638117283796296, "10": 1.1888564814737654, "11": 1.013901234567901, "12": 1.0094490740702158, "13": 1.0049969135725307, "14": 1.0005447530748457, "15": 0.9960925925771604, "16": 1.040954475297068, "17": 1.0858163580169753, "18": 1.1306782407368827, "19": 1.1755401234567902, "20": 1.1350300926080246, "21": 1.0945200617592592, "22": 1.0540100309104938, "23": 1.0135000000617282, "24": 0.9282399691820988, "25": 0.8429799383024692, "26": 0.7577199074228395, "27": 0.6724598765432099, "28": 0.7006512345640432, "29": 0.7288425925848766, "30": 0.75703395060571, "31": 0.7852253086265433, "32": 1.8539544753125, "33": 2.9226836419984568, "34": 3.9914128086844136, "35": 5.06014197537037, "36": 5.722664351929012, "37": 6.385186728487654, "38": 7.047709105046296, "39": 7.710231481604939, "40": 7.241171296350308, "41": 6.772111111095679, "42": 6.30305092584105, "43": 5.83399074058642, "44": 4.995103394976852, "45": 4.156216049367284, "46": 3.317328703757716, "47": 2.478441358148148, "48": 2.289773919837963, "49": 2.1011064815277773, "50": 1.9124390432175928, "51": 1.7237716049074074, "52": 2.073675154332562, "53": 2.423578703757716, "54": 2.7734822531828707, "55": 3.123385802608025, "56": 3.480304012438272, "57": 3.8372222222685184, "58": 4.194140432098766, "59": 4.551058641929012, "60": 5.030900462966821, "61": 5.51074228400463, "62": 5.990584105042438, "63": 6.470425926080247, "64": 6.012725396900794, "65": 5.822577777849206, "66": 5.632430158797619, "67": 5.442282539746032, "68": 5.412801587329365, "69": 5.383320634912699, "70": 5.353839682496032, "71": 5.324358730079365, "72": 4.792626984051587, "73": 4.260895238023809, "74": 3.729163491996032, "75": 3.1974317459682537, "76": 2.834185714206349, "77": 2.4709396824444445, "78": 2.107693650682539, "79": 1.7444476189206348, "80": 1.7309182538650791, "81": 1.717388888809524, "82": 1.7038595237539684, "83": 1.6903301586984127, "84": 2.0063849206150794, "85": 2.322439682531746, "86": 2.6384944444484124, "87": 2.95454920636508, "88": 3.062202380940476, "89": 3.169855555515873, "90": 3.2775087300912698, "91": 3.385161904666667, "92": 3.222646825313492, "93": 3.060131745960317, "94": 2.8976166666071426, "95": 2.735101587253968, "96": 2.292003174563492, "97": 1.848904761873016, "98": 1.4058063491825397, "99": 0.9627079364920634, "100": 0.8576976190357142, "101": 0.7526873015793649, "102": 0.6476769841230159, "103": 0.5426666666666665, "104": 0.6905119047619047, "105": 0.8383571428571427, "106": 0.9862023809523808, "107": 1.134047619047619, "108": 1.1802730158650794, "109": 1.2264984126825396, "110": 1.2727238095, "111": 1.3189492063174604, "112": 1.2161166666349208, "113": 1.113284126952381, "114": 1.0104515872698414, "115": 0.9076190475873016, "116": 0.9090777777539684, "117": 0.9105365079206348, "118": 0.9119952380873017, "119": 0.9134539682539682, "120": 0.9993761904761904, "121": 1.0852984126984129, "122": 1.171220634920635, "123": 1.2571428571428571, "124": 1.2784809523968252, "125": 1.2998190476507938, "126": 1.321157142904762, "127": 1.34249523815873, "128": 1.5385230159007937, "129": 1.734550793642857, "130": 1.9305785713849208, "131": 2.126606349126984, "132": 2.721288888869048, "133": 3.315971428611111, "134": 3.910653968353175, "135": 4.505336508095238, "136": 4.564283333456349, "137": 4.623230158817461, "138": 4.682176984178572, "139": 4.741123809539682, "140": 4.596511904765873, "141": 4.451899999992063, "142": 4.307288095218254, "143": 4.1626761904444445, "144": 3.927965079325397, "145": 3.6932539682063497, "146": 3.458542857087302, "147": 3.223831745968254, "148": 2.8700714285396827, "149": 2.516311111111111, "150": 2.162550793682539, "151": 1.8087904762539684, "152": 1.7181603175436506, "153": 1.6275301588333333, "154": 1.5369000001230158, "155": 1.4462698414126984, "156": 1.566806349297619, "157": 1.6873428571825395, "158": 1.8078793650674605, "159": 1.9284158729523808, "160": 2.4253626983492063, "161": 2.922309523746032, "162": 3.419256349142857, "163": 3.9162031745396826, "164": 3.611656349190476, "165": 3.307109523841269, "166": 3.0025626984920635, "167": 2.6980158731428574, "168": 2.958750000119047, "169": 3.219484127095238, "170": 3.480218254071429, "171": 3.740952381047619, "172": 4.332930158769841, "173": 4.924907936492064, "174": 5.516885714214286, "175": 6.108863491936508, "176": 5.997871428476191, "177": 5.886879365015873, "178": 5.775887301555556, "179": 5.664895238095238, "180": 5.557917460333333, "181": 5.450939682571429, "182": 5.343961904809524, "183": 5.236984127047619, "184": 4.653625396880952, "185": 4.070266666714286, "186": 3.486907936547619, "187": 2.9035492063809523, "188": 2.562400793726191, "189": 2.2212523810714284, "190": 1.8801039684166665, "191": 1.5389555557619048, "192": 1.7231396826984129, "193": 1.9073238096349208, "194": 2.091507936571429, "195": 2.2756920635079365, "196": 2.296454761900794, "197": 2.3172174602936506, "198": 2.337980158686508, "199": 2.358742857079365, "200": 2.1190142856666667, "201": 1.8792857142539685, "202": 1.63955714284127, "203": 1.3998285714285714, "204": 1.1620301587103177, "205": 0.9242317459920636, "206": 0.6864333332738095, "207": 0.4486349205555556, "208": 0.3364761904166667, "209": 0.2243174602777778, "210": 0.1121587301388889, "211": 0.0, "212": 0.0, "213": 0.0, "214": 0.0, "215": 0.0, "216": 0.0, "217": 0.0, "218": 0.0, "219": 0.0, "220": 0.1335277777777778, "221": 0.2670555555555556, "222": 0.4005833333333333, "223": 0.5341111111111112, "224": 1.0712761905039685, "225": 1.6084412698968251, "226": 2.1456063492896824, "227": 2.6827714286825395, "228": 3.2431341270952383, "229": 3.803496825507936, "230": 4.363859523920635, "231": 4.9242222223333325, "232": 4.125826190531746, "233": 3.327430158730159, "234": 2.5290341269285714, "235": 1.7306380951269842, "236": 1.6948301586507937, "237": 1.6590222221746032, "238": 1.6232142856984126, "239": 1.587406349222222, "240": 1.6257253968214287, "241": 1.664044444420635, "242": 1.7023634920198412, "243": 1.7406825396190475, "244": 1.4626547618571428, "245": 1.184626984095238, "246": 0.9065992063333334, "247": 0.6285714285714286, "248": 0.967649206376984, "249": 1.3067269841825395, "250": 1.645804761988095, "251": 1.9848825397936505, "252": 2.093289682611111, "253": 2.201696825428572, "254": 2.310103968246032, "255": 2.4185111110634923, "256": 2.4147634920357146, "257": 2.411015873007937, "258": 2.407268253980159, "259": 2.4035206349523808, "260": 3.340549206369048, "261": 4.277577777785714, "262": 5.214606349202381, "263": 6.151634920619048, "264": 6.044460317412698, "265": 5.937285714206349, "266": 5.830111111000001, "267": 5.7229365077936505, "268": 5.569287301416667, "269": 5.415638095039682, "270": 5.261988888662699, "271": 5.108339682285715, "272": 4.9685253966507945, "273": 4.828711111015873, "274": 4.688896825380953, "275": 4.549082539746031, "276": 4.706323015821429, "277": 4.863563491896826, "278": 5.020803967972222, "279": 5.178044444047619, "280": 5.034135713968254, "281": 4.890226983888889, "282": 4.746318253809524, "283": 4.602409523730159, "284": 4.377726190400793, "285": 4.153042857071429, "286": 3.928359523742064, "287": 3.703676190412698, "288": 3.728188095194444, "289": 3.75269999997619, "290": 3.777211904757936, "291": 3.8017238095396815, "292": 3.679303968214286, "293": 3.556884126888889, "294": 3.434464285563492, "295": 3.312044444238095, "296": 3.182565079222222, "297": 3.053085714206349, "298": 2.9236063491904765, "299": 2.7941269841746035, "300": 2.396386507952381, "301": 1.9986460317301584, "302": 1.6009055555079366, "303": 1.2031650792857145, "304": 1.257953968202381, "305": 1.3127428571190476, "306": 1.3675317460357144, "307": 1.422320634952381, "308": 1.2691222222380951, "309": 1.1159238095238095, "310": 0.9627253968095238, "311": 0.8095269840952382,