{
    "1": 0.2025120773349436,
    "2": 0.3115297907085346,
    "3": 0.1131320450563607,
    "4": 0.1594202898550724,
    "5": 0.1765861513848631,
    "6": 0.1705797101449275,
    "7": 0.2947826086634461,
    "8": 0.3245008051610306,
    "9": 0.2791787439452496,
    "10": 0.3033413848631239,
    "11": 0.4037520129066022,
    "12": 0.550982286626409,
    "13": 0.9244524958937198,
    "14": 1.0289855072302736,
    "15": 1.166916264041868,
    "16": 1.0359903381400968,
    "17": 1.013993558784219,
    "18": 1.025217391336554,
    "19": 0.9430193236231884,
    "20": 0.8049516907648954,
    "21": 0.9391223832045088,
    "22": 1.026400966183575,
    "23": 1.1462560386231886,
    "24": 0.956320450821256,
    "25": 0.9881481482286636,
    "26": 0.953438003115942,
    "27": 1.060281803582931,
    "28": 1.0356843799597424,
    "29": 1.023470209347826,
    "30": 0.8041626409259259,
    "31": 1.241152895758232,
    "32": 2.566949089129509,
    "33": 3.812131834514809,
    "34": 5.798611826375258,
    "35": 6.541301248340683,
    "36": 7.215407110008308,
    "37": 9.01942299949375,
    "38": 11.652836508274644,
    "39": 11.48068745340467,
    "40": 11.327276641689808,
    "41": 11.963863395356068,
    "42": 11.866650209120314,
    "43": 12.589732479201633,
    "44": 12.927604737437054,
    "45": 12.681035077286714,
    "46": 12.224858177786109,
    "47": 12.407340528602688,
    "48": 11.96398867025295,
    "49": 11.927240429705424,
    "50": 12.052473405647971,
    "51": 11.579170758672555,
    "52": 10.88836221764848,
    "53": 10.911664474785065,
    "54": 10.066205795323308,
    "55": 9.417929407675462,
    "56": 8.794591543292494,
    "57": 8.113887284547593,
    "58": 7.270606746408255,
    "59": 7.661806424258497,
    "60": 7.803412327150069,
    "61": 7.922768193202233,
    "62": 8.076797255921958,
    "63": 7.779169920377807,
    "64": 7.250435309980631,
    "65": 7.920165094834792,
    "66": 8.06992808903543,
    "67": 8.400329665442174,
    "68": 8.450798111547519,
    "69": 8.492553345001625,
    "70": 8.054469609035442,
    "71": 7.231530800814829,
    "72": 6.938067077121145,
    "73": 6.061278363683243,
    "74": 5.12483596742446,
    "75": 4.678405797149759,
    "76": 3.929573268880837,
    "77": 3.6213285024074073,
    "78": 3.0394847021336555,
    "79": 2.0310547505394525,
    "80": 1.5317793880676327,
    "81": 1.3385265700322062,
    "82": 1.115402576409018,
    "83": 0.8965539452576489,
    "84": 0.7265942029066023,
    "85": 0.6406038647342995,
    "86": 0.4953220611352657,
    "87": 0.5884057971336554,
    "88": 0.4862157809259259,
    "89": 0.302012882447665,
    "90": 0.3855314009661835,
    "91": 0.4702576488969404,
    "92": 0.4743639291465378,
    "93": 0.4142592592270531,
    "94": 0.3600644121980676,
    "95": 0.4498389693961352,
    "96": 0.4548953301851852,
    "97": 0.3528582930676328,
    "98": 0.3797906602093397,
    "99": 0.3756441223510467,
    "100": 0.225112721352657,
    "101": 0.2838566827697262,
    "102": 0.301513687568438,
    "103": 0.4191867954911433,
    "104": 0.3985507246376811,
    "105": 0.3875442834380032,
    "106": 0.4055394525040258,
    "107": 0.540458937173913,
    "108": 0.7966264090499194,
    "109": 0.8335909822866345,
    "110": 0.797286634452496,
    "111": 0.6617149758132045,
    "112": 0.745877616779388,
    "113": 0.7852818034943639,
    "114": 0.536602254452496,
    "115": 0.6318518519243156,
    "116": 0.7375845410628019,
    "117": 0.930724637705314,
    "118": 0.8531481481642512,
    "119": 0.9746779388083736,
    "120": 0.9279790660466988,
    "121": 1.079999999983897,
    "122": 1.4316908212479873,
    "123": 1.3586473430515298,
    "124": 1.465080515289855,
    "125": 1.609178743953301,
    "126": 2.1028265419954337,
    "127": 2.919660837400626,
    "128": 2.833920096933637,
    "129": 3.0656626619728358,
    "130": 5.433078003233224,
    "131": 5.788158518692161,
    "132": 6.04497765207756,
    "133": 7.007607076450023,
    "134": 8.731258119314347,
    "135": 8.254184202926393,
    "136": 8.01666758187809,
    "137": 8.242333923344447,
    "138": 8.280027276189994,
    "139": 8.186736577550217,
    "140": 8.34012974291421,
    "141": 8.549593206677585,
    "142": 9.002721827719471,
    "143": 9.571422679183373,
    "144": 9.508351793223811,
    "145": 8.721179633876394,
    "146": 8.318073825541337,
    "147": 7.403785543683792,
    "148": 7.352262230875382,
    "149": 7.612742887290813,
    "150": 7.880964909498364,
    "151": 7.784716171639662,
    "152": 7.477237190754183,
    "153": 7.095712311367327,
    "154": 7.211436054867923,
    "155": 6.639580067619822,
    "156": 6.318000812232706,
    "157": 6.091415989132136,
    "158": 6.150224341290781,
    "159": 6.391711733129604,
    "160": 6.412798232045259,
    "161": 7.026859705634413,
    "162": 6.99323574175309,
    "163": 6.458515376495558,
    "164": 6.854614694758957,
    "165": 7.0691982773319015,
    "166": 7.103576362358783,
    "167": 7.040363801859589,
    "168": 6.583189888630925,
    "169": 5.709880710192922,
    "170": 4.959292948324967,
    "171": 4.498310661682455,
    "172": 4.113181837157495,
    "173": 3.3361640239820107,
    "174": 2.739659690286217,
    "175": 2.153327793345644,
    "176": 1.537015394231312,
    "177": 1.2933438965823587,
    "178": 1.043851293106803,
    "179": 0.8290338164653784,
    "180": 0.5764573269162641,
    "181": 0.4782608695652174,
    "182": 0.3714975845813204,
    "183": 0.3188405797101449,
    "184": 0.1712721417230273,
    "185": 0.0993558776328502,
    "186": 0.0139452495571658,
    "187": 0.0,
    "188": 0.0,
    "189": 0.0,
    "190": 0.0,
    "191": 0.0,
    "192": 0.0,
    "193": 0.0,
    "194": 0.0,
    "195": 0.0,
    "196": 0.0,
    "197": 0.0,
    "198": 0.0,
    "199": 0.0,
    "200": 0.0,
    "201": 0.0,
    "202": 0.0,
    "203": 0.0,
    "204": 0.0,
    "205": 0.0,
    "206": 0.0,
    "207": 0.0,
    "208": 0.0,
    "209": 0.0673993558776167,
    "210": 0.0797101449275362,
    "211": 0.0797101449275362,
    "212": 0.1003462157809984,
    "213": 0.2263768115942029,
    "214": 0.1595008051610306,
    "215": 0.0640579709903381,
    "216": 0.0212560386473429,
    "217": 0.0797101449275362,
    "218": 0.1797906602254428,
    "219": 0.3188405797101449,
    "220": 0.3241545893719806,
    "221": 0.498389580197712,
    "222": 1.2525284669999517,
    "223": 2.122474447410237,
    "224": 2.6564017505015243,
    "225": 4.22188794168287,
    "226": 5.833231534273809,
    "227": 6.261795781002811,
    "228": 6.522507936490281,
    "229": 7.896615351266482,
    "230": 9.743755314666032,
    "231": 9.125375366772063,
    "232": 7.827032096829132,
    "233": 8.629304522429242,
    "234": 9.138385328100194,
    "235": 9.256990792769365,
    "236": 9.738918883723406,
    "237": 10.098480936759817,
    "238": 9.928001320436874,
    "239": 9.783786125351554,
    "240": 9.119619095324394,
    "241": 8.486909852050747,
    "242": 7.903380395293616,
    "243": 7.634640107160119,
    "244": 8.14070996041601,
    "245": 8.074288228012762,
    "246": 7.806651483892266,
    "247": 8.201941194624354,
    "248": 7.518794341564172,
    "249": 6.687624452950398,
    "250": 6.705357413658578,
    "251": 6.5838284225203605,
    "252": 6.071397030043732,
    "253": 5.394951581785246,
    "254": 5.6412013945781,
    "255": 6.458554370119913,
    "256": 7.057667769737611,
    "257": 7.503962969278388,
    "258": 7.409398620797172,
    "259": 7.252092465721233,
    "260": 7.120006134801969,
    "261": 6.993213528660589,
    "262": 6.509669208600024,
    "263": 6.065152821653581,
    "264": 5.983513736484258,
    "265": 5.6959410656939164,
    "266": 5.328754814774652,
    "267": 4.823528904406759,
    "268": 4.20851318951239,
    "269": 3.518976818601119,
    "270": 3.0436610712549963,
    "271": 2.511702637809752,
    "272": 1.9412070343884893,
    "273": 1.613525179752198,
    "274": 1.3760831335091928,
    "275": 1.1636770583373302,
    "276": 0.9595203836610712,
    "277": 0.7345723421183052,