{"1": 0.19742134615384613, "2": 0.19337254807692308, "3": 0.18932374999999999, "4": 0.1852749519230769, "5": 0.18122615384615384, "6": 0.17996466346153847, "7": 0.1787031730769231, "8": 0.1774416826923077, "9": 0.1761801923076923, "10": 0.17494360576923074, "11": 0.17370701923076923, "12": 0.1724704326923077, "13": 0.17123384615384615, "14": 0.17199812500000003, "15": 0.17276240384615385, "16": 0.1735266826923077, "17": 0.17429096153846152, "18": 0.1807412980769231, "19": 0.18719163461538463, "20": 0.19364197115384615, "21": 0.20009230769230768, "22": 0.2150929807692308, "23": 0.23009365384615388, "24": 0.24509432692307692, "25": 0.260095, "26": 0.26997927884615386, "27": 0.27986355769230775, "28": 0.28974783653846164, "29": 0.2996321153846154, "30": 0.30233350961538463, "31": 0.30503490384615384, "32": 0.3077362980769231, "33": 0.3104376923076923, "34": 0.3037127884615385, "35": 0.29698788461538467, "36": 0.2902629807692308, "37": 0.2835380769230769, "38": 0.2768849038461539, "39": 0.27023173076923074, "40": 0.2635785576923077, "41": 0.25692538461538467, "42": 0.25196562499999997, "43": 0.2470058653846154, "44": 0.2420461057692308, "45": 0.2370863461538461, "46": 0.23306605769230768, "47": 0.2290457692307692, "48": 0.2250254807692308, "49": 0.2210051923076923, "50": 0.21936052884615384, "51": 0.2177158653846154, "52": 0.2160712019230769, "53": 0.2144265384615385, "54": 0.2138421634615385, "55": 0.21325778846153848, "56": 0.21267341346153848, "57": 0.21208903846153845, "58": 0.21554644230769232, "59": 0.21900384615384613, "60": 0.22246125, "61": 0.22591865384615384, "62": 0.23107014423076924, "63": 0.23622163461538462, "64": 0.241373125, "65": 0.2465246153846154, "66": 0.2576834615384616, "67": 0.26884230769230766, "68": 0.28000115384615387, "69": 0.29116000000000003, "70": 0.29856567307692305, "71": 0.3059713461538462, "72": 0.3133770192307692, "73": 0.32078269230769235, "74": 0.3251641826923077, "75": 0.3295456730769231, "76": 0.3339271634615385, "77": 0.33830865384615383, "78": 0.3339159134615384, "79": 0.32952317307692314, "80": 0.3251304326923077, "81": 0.32073769230769233, "82": 0.31315153846153854, "83": 0.3055653846153846, "84": 0.2979792307692308, "85": 0.2903930769230769, "86": 0.2859190865384616, "87": 0.28144509615384616, "88": 0.27697110576923073, "89": 0.27249711538461535, "90": 0.26409586538461544, "91": 0.2556946153846154, "92": 0.2472933653846154, "93": 0.23889211538461536, "94": 0.23600610576923078, "95": 0.23312009615384616, "96": 0.23023408653846156, "97": 0.2273480769230769, "98": 0.22446216346153844, "99": 0.22157625, "100": 0.2186903365384615, "101": 0.2158044230769231, "102": 0.21412461538461539, "103": 0.21244480769230767, "104": 0.21076499999999998, "105": 0.20908519230769232, "106": 0.2081387980769231, "107": 0.20719240384615384, "108": 0.20624600961538458, "109": 0.20529961538461536, "110": 0.20654096153846152, "111": 0.2077823076923077, "112": 0.20902365384615385, "113": 0.21026499999999998, "114": 0.2151946153846154, "115": 0.2201242307692308, "116": 0.2250538461538461, "117": 0.22998346153846158, "118": 0.24471201923076918, "119": 0.2594405769230769, "120": 0.2741691346153846, "121": 0.2888976923076923, "122": 0.29891427884615385, "123": 0.3089308653846154, "124": 0.3189474519230769, "125": 0.3289640384615385, "126": 0.33076567307692306, "127": 0.3325673076923077, "128": 0.3343689423076924, "129": 0.3361705769230769, "130": 0.32857100961538466, "131": 0.3209714423076923, "132": 0.313371875, "133": 0.3057723076923077, "134": 0.2980274519230769, "135": 0.29028259615384616, "136": 0.28253774038461543, "137": 0.2747928846153846, "138": 0.27121283653846157, "139": 0.2676327884615385, "140": 0.2640527403846154, "141": 0.26047269230769227, "142": 0.2554696153846154, "143": 0.2504665384615385, "144": 0.2454634615384616, "145": 0.2404603846153846, "146": 0.23872884615384612, "147": 0.2369973076923077, "148": 0.2352657692307692, "149": 0.2335342307692308, "150": 0.23322240384615386, "151": 0.2329105769230769, "152": 0.23259875, "153": 0.23228692307692309, "154": 0.23544701923076922, "155": 0.23860711538461535, "156": 0.24176721153846156, "157": 0.2449273076923077, "158": 0.24935028846153848, "159": 0.2537732692307692, "160": 0.25819625, "161": 0.26261923076923077, "162": 0.2734894230769231, "163": 0.2843596153846154, "164": 0.2952298076923077, "165": 0.30610000000000004, "166": 0.31368711538461536, "167": 0.32127423076923073, "168": 0.32886134615384616, "169": 0.33644846153846153, "170": 0.3410778365384616, "171": 0.3457072115384616, "172": 0.3503365865384615, "173": 0.3549659615384616, "174": 0.3495836057692308, "175": 0.34420125, "176": 0.3388188942307692, "177": 0.3334365384615385, "178": 0.32479615384615385, "179": 0.3161557692307692, "180": 0.30751538461538463, "181": 0.298875, "182": 0.29289951923076923, "183": 0.2869240384615384, "184": 0.2809485576923077, "185": 0.27497307692307693, "186": 0.266633125, "187": 0.2582931730769231, "188": 0.24995322115384613, "189": 0.2416132692307692, "190": 0.2393614903846154, "191": 0.23710971153846158, "192": 0.2348579326923077, "193": 0.23260615384615382, "194": 0.2292630769230769, "195": 0.22591999999999998, "196": 0.22257692307692306, "197": 0.2192338461538461, "198": 0.2178076923076923, "199": 0.2163815384615385, "200": 0.21495538461538466, "201": 0.2135292307692308, "202": 0.21210966346153845, "203": 0.21069009615384615, "204": 0.20927052884615385, "205": 0.20785096153846155, "206": 0.20937341346153848, "207": 0.21089586538461536, "208": 0.2124183173076923, "209": 0.21394076923076924, "210": 0.21794812500000002, "211": 0.22195548076923075, "212": 0.22596283653846153, "213": 0.22997019230769233, "214": 0.24197408653846156, "215": 0.2539779807692308, "216": 0.26598187500000003, "217": 0.27798576923076923, "218": 0.2880555288461538, "219": 0.29812528846153846, "220": 0.30819504807692305, "221": 0.31826480769230775, "222": 0.32005879807692306, "223": 0.3218527884615385, "224": 0.32364677884615384, "225": 0.32544076923076926, "226": 0.31817692307692313, "227": 0.3109130769230769, "228": 0.30364923076923084, "229": 0.2963853846153846, "230": 0.2887076442307692, "231": 0.28102990384615384, "232": 0.27335216346153846, "233": 0.26567442307692307, "234": 0.2618598076923077, "235": 0.25804519230769235, "236": 0.25423057692307693, "237": 0.2504159615384615, "238": 0.24599302884615384, "239": 0.24157009615384611, "240": 0.23714716346153847, "241": 0.2327242307692308, "242": 0.23059576923076924, "243": 0.2284673076923077, "244": 0.22633884615384617, "245": 0.22421038461538462, "246": 0.224508125, "247": 0.22480586538461542, "248": 0.2251036057692308, "249": 0.22540134615384616, "250": 0.22847283653846157, "251": 0.23154432692307692, "252": 0.23461581730769238, "253": 0.2376873076923077, "254": 0.2420725, "255": 0.24645769230769235, "256": 0.2508428846153846, "257": 0.2552280769230769, "258": 0.26498538461538457, "259": 0.27474269230769227, "260": 0.28450000000000003, "261": 0.2942573076923077, "262": 0.30171413461538465, "263": 0.3091709615384615, "264": 0.31662778846153844, "265": 0.3240846153846154, "266": 0.3294252403846154, "267": 0.3347658653846154, "268": 0.3401064903846154, "269": 0.34544711538461537, "270": 0.33873865384615387, "271": 0.3320301923076923, "272": 0.32532173076923077, "273": 0.3186132692307692, "274": 0.3106350961538461, "275": 0.3026569230769231, "276": 0.29467875, "277": 0.28670057692307693, "278": 0.28169485576923076, "279": 0.27668913461538464, "280": 0.27168341346153846, "281": 0.26667769230769234, "282": 0.2582926923076923, "283": 0.24990769230769233, "284": 0.24152269230769233, "285": 0.23313769230769232, "286": 0.23227879807692306, "287": 0.23141990384615382, "288": 0.23056100961538464, "289": 0.230292641509434, "290": 0.22644448113207546, "291": 0.22259632075471697, "292": 0.2187481603773585, "293": 0.2149, "294": 0.21324990566037735, "295": 0.2115998113207547, "296": 0.2099497169811321, "297": 0.20829962264150945, "298": 0.2074404245283019,